Workbook

Sheet Allocation by Hotel
A1: Hotel Evolution: $4,000 Reconciliation Invoice by Hotel
A2: 40 hours at $100/hour, per the 2026-2027 Scope of Work. Lines Jawaria tagged "Hotel Evolution" bill to Hotel Evolution.
A4: Hourly rate | B4: 100
A5: Invoice total | B5: 4000
A7: Bill to | B7: Hours | C7: % of invoice | D7: Invoice amount
A8: Hampton Inn Southlake | B8: ='Hour Detail'!F26 | C8: =B8/B14 | D8: =ROUND(B8*$B$4,2)
A9: Home2 Suites Atlanta Airport North | B9: ='Hour Detail'!G26 | C9: =B9/B14 | D9: =$B$5-D8-SUM(D10:D13)
A10: Hampton Inn & Suites Atlanta Airport | B10: ='Hour Detail'!H26 | C10: =B10/B14 | D10: =ROUND(B10*$B$4,2)
A11: Hilton Garden Inn Columbia NE (CAENO) | B11: ='Hour Detail'!I26 | C11: =B11/B14 | D11: =ROUND(B11*$B$4,2)
A12: Holiday Inn Express & Suites Newberry | B12: ='Hour Detail'!J26 | C12: =B12/B14 | D12: =ROUND(B12*$B$4,2)
A13: Hotel Evolution | B13: ='Hour Detail'!K26 | C13: =B13/B14 | D13: =ROUND(B13*$B$4,2)
A14: Total | B14: =SUM(B8:B13) | C14: =SUM(C8:C13) | D14: =SUM(D8:D13)
A15: Check: ties to invoice | D15: =IF(ROUND(D14,2)=B5,"Yes","No")
A16: Home2's amount absorbs a 1 cent rounding difference so the total ties to $4,000.00.

Sheet Hour Detail
A1: Hotel Evolution: Hours by Hotel (from Jawaria's hour sheet)
A2: Each line's hours are split evenly across the hotels Jawaria listed in her Division column. Lines tagged "Hotel Evolution" bill to Hotel Evolution.
A4: Date | B4: Task | C4: Detail | D4: Hours | E4: Division (as Jawaria wrote it) | F4: Hampton Inn Southlake | G4: Home2 Suites Atlanta Airport North | H4: Hampton Inn & Suites Atlanta Airport | I4: Hilton Garden Inn Columbia NE (CAENO) | J4: Holiday Inn Express & Suites Newberry | K4: Hotel Evolution
A5: 10.28.25 | B5: Meeting | C5: Meeting presentation and roadmap for the upcoming project | D5: 1 | E5: Hampton Inn Southlake, Home2 Suites | F5: =D5/2 | G5: =D5/2
A6: 10.29.25 | B6: Meeting | C6: Newberry and Columbia property with Ashish and Jerry | D6: 1.5 | E6: Hilton Garden Inn Columbia NorthEast, Holiday Inn & Suites Newberry | I6: =D6/2 | J6: =D6/2
A7: 01.12.26 | B7: Web Update | C7: Hilton Garden Inn Columbia Main Page Content Update | D7: 1.5 | E7: Hilton Garden Inn Columbia, Home2 Suites | G7: =D7/2 | I7: =D7/2
A8: 2.19.26 | B8: Hilton Call | C8: Hilton FIFA Policies | D8: 1 | E8: Hotel Evolution | K8: =D8
A9: 2.19.26 | B9: PPT | C9: Hilton FIFA Policies Presentation file | D9: 1.5 | E9: Hotel Evolution | K9: =D9
A10: 7.7.26 | B10: Call | C10: Meeting call | D10: 2 | E10: Hampton Inn Southlake, Home2 Suites Atlanta Airport, Hampton Inn & Suites | F10: =D10/3 | G10: =D10/3 | H10: =D10/3
A11: 8.18.26 | B11: Google Update | C11: Updated Images on Google and Website for ATLNB | D11: 1.5 | E11: Hampton Inn & Suites Atlanta Airport | H11: =D11/1
A12: (no date) | B12: Web Update | C12: Work on image update for Home2 Suites Updated Web Images | D12: 3 | E12: Home2 Suites Atlanta Airport | G12: =D12/1
A13: 9.05.26 | B13: Call | C13: Call with Hilton regarding the Home2Suites image ticket issue | D13: 2 | E13: Home2 Suites Atlanta Airport | G13: =D13/1
A14: 8.28.26 | B14: Meeting | C14: Meeting with GMs | D14: 1.5 | E14: Holiday Inn Express Newberry, Hilton Garden Inn Columbia, Home2 Suites by Hilton North | G14: =D14/3 | I14: =D14/3 | J14: =D14/3
A15: 8.28.26 | B15: Call | C15: Presentation on AI (1 hr. on call with support and 1 hr. presentation) | D15: 2 | E15: Holiday Inn Express Newberry, Hilton Garden Inn Columbia, Home2 Suites by Hilton North | G15: =D15/3 | I15: =D15/3 | J15: =D15/3
A16: 9.02.26 | B16: Meeting | C16: Weekly marketing meeting | D16: 1.5 | E16: Hotel Evolution | K16: =D16
A17: 9.10.26 | B17: Work | C17: 2 awards pictures Edit (4 edits) (for Jerry and Pauline) | D17: 2.5 | E17: Home2 Suites by Hilton Atlanta Airport North, Holiday Inn Express & Suites Newberry | G17: =D17/2 | J17: =D17/2
A18: 9.8.26 | B18: Work | C18: 4 property Google Page assessment | D18: 3 | E18: Hampton Inn, Hilton Garden Inn, Hampton Inn and Suites, Home2 &Suites | F18: =D18/4 | G18: =D18/4 | H18: =D18/4 | I18: =D18/4
A19: 9.11.26 | B19: Teams Meeting | C19: Google Support call meeting Morning and Evening (Created new pages) | D19: 4 | E19: Hilton Garden Inn Columbia, Holiday Inn Express & Suites Newberry | I19: =D19/2 | J19: =D19/2
A20: 9.11.26 | B20: Meeting | C20: Weekly meeting | D20: 1.5 | E20: Hotel Evolution | K20: =D20
A21: 9.15.26 | B21: Meeting | C21: GM meeting: Ashish and Jerry follow-up on Images | D21: 1.5 | E21: Hilton Garden Inn Columbia, Holiday Inn Express & Suites Newberry | I21: =D21/2 | J21: =D21/2
A22: 9.15.26 | B22: Meeting | C22: Google Support/ Calls | D22: 2 | E22: Hilton Garden Inn Columbia, Holiday Inn Express & Suites Newberry | I22: =D22/2 | J22: =D22/2
A23: 9.22.26 | B23: Meeting | C23: Google Support (Access request for Columbia property) | D23: 1.5 | E23: Hilton Garden Inn Columbia | I23: =D23/1
A24: 9.25.26 | B24: Tickets & Meeting | C24: CAENO Website Images and Sept 25th presentation and setting up access to Google Business Profile from Hilton | D24: 3 | E24: Hilton Garden Inn Columbia, Holiday Inn Express & Suites Newberry, Home2 Suites Atlanta Airport | G24: =D24/3 | I24: =D24/3 | J24: =D24/3
A25: 9.29.26 | B25: Ticket | C25: Follow up with Google support and Hilton on access issue and open tickets (for the ATLNB); issue was room code | D25: 1 | E25: Home2 Suites by Hilton Atlanta Airport North (ATLHT) | G25: =D25/1
C26: Total hours | D26: =SUM(D5:D25) | F26: =SUM(F5:F25) | G26: =SUM(G5:G25) | H26: =SUM(H5:H25) | I26: =SUM(I5:I25) | J26: =SUM(J5:J25) | K26: =SUM(K5:K25)
